V1,P,G,Pmax,Vopt
1,1.639,200,53.71,36.2
2,3.273,200,53.71,36.2
3,4.902,200,53.71,36.2
4,6.527,200,53.71,36.2
5,8.147,200,53.71,36.2
6,9.762,200,53.71,36.2
7,11.37,200,53.71,36.2
8,12.98,200,53.71,36.2
9,14.58,200,53.71,36.2
10,16.17,200,53.71,36.2
11,17.76,200,53.71,36.2
12,19.35,200,53.71,36.2
13,20.93,200,53.71,36.2
14,22.51,200,53.71,36.2
15,24.08,200,53.71,36.2
16,25.65,200,53.71,36.2
17,27.21,200,53.71,36.2
18,28.77,200,53.71,36.2
19,30.32,200,53.71,36.2
20,31.86,200,53.71,36.2
21,33.25,200,53.71,36.2
22,34.94,200,53.71,36.2
23,36.48,200,53.71,36.2
24,38,200,53.71,36.2
25,39.53,200,53.71,36.2
26,41.04,200,53.71,36.2
27,42.55,200,53.71,36.2
28,44.05,200,53.71,36.2
29,45.54,200,53.71,36.2
30,47.01,200,53.71,36.2
31,48.45,200,53.71,36.2
32,49.84,200,53.71,36.2
33,51.15,200,53.71,36.2
34,52.31,200,53.71,36.2
35,53.22,200,53.71,36.2
36,53.69,200,53.71,36.2
37,53.38,200,53.71,36.2
38,51.71,200,53.71,36.2
39,47.71,200,53.71,36.2
40,39.82,200,53.71,36.2
41,25.67,200,53.71,36.2
42,2.046,200,53.71,36.2
43,0,200,53.71,36.2
44,0,200,53.71,36.2
45,0,200,53.71,36.2
1,1.885,230,62.56,36.4
2,3.765,230,62.56,36.4
3,5.641,230,62.56,36.4
4,7.512,230,62.56,36.4
5,9.378,230,62.56,36.4
6,11.24,230,62.56,36.4
7,13.09,230,62.56,36.4
8,14.95,230,62.56,36.4
9,16.79,230,62.56,36.4
10,18.63,230,62.56,36.4
11,20.47,230,62.56,36.4
12,22.3,230,62.56,36.4
13,24.13,230,62.56,36.4
14,25.95,230,62.56,36.4
15,27.77,230,62.56,36.4
16,29.58,230,62.56,36.4
17,31.39,230,62.56,36.4
18,33.2,230,62.56,36.4
19,34.99,230,62.56,36.4
20,36.79,230,62.56,36.4
21,38.58,230,62.56,36.4
22,40.36,230,62.56,36.4
23,42.14,230,62.56,36.4
24,43.91,230,62.56,36.4
25,45.68,230,62.56,36.4
26,47.44,230,62.56,36.4
27,49.2,230,62.56,36.4
28,50.94,230,62.56,36.4
29,52.68,230,62.56,36.4
30,54.39,230,62.56,36.4
31,56.07,230,62.56,36.4
32,57.71,230,62.56,36.4
33,59.26,230,62.56,36.4
34,60.66,230,62.56,36.4
35,61.8,230,62.56,36.4
36,62.48,230,62.56,36.4
37,62.36,230,62.56,36.4
38,60.85,230,62.56,36.4
39,56.94,230,62.56,36.4
40,49.03,230,62.56,36.4
41,34.72,230,62.56,36.4
42,10.76,230,62.56,36.4
43,0,230,62.56,36.4
44,0,230,62.56,36.4
45,0,230,62.56,36.4
1,2.131,260,71.45,36.6
2,4.258,260,71.45,36.6
3,6.379,260,71.45,36.6
4,8.496,260,71.45,36.6
5,10.61,260,71.45,36.6
6,12.72,260,71.45,36.6
7,14.82,260,71.45,36.6
8,16.92,260,71.45,36.6
9,19.01,260,71.45,36.6
10,21.1,260,71.45,36.6
11,23.18,260,71.45,36.6
12,25.26,260,71.45,36.6
13,27.33,260,71.45,36.6
14,29.4,260,71.45,36.6
15,31.46,260,71.45,36.6
16,33.52,260,71.45,36.6
17,35.58,260,71.45,36.6
18,37.63,260,71.45,36.6
19,39.67,260,71.45,36.6
20,41.71,260,71.45,36.6
21,43.75,260,71.45,36.6
22,45.78,260,71.45,36.6
23,47.8,260,71.45,36.6
24,49.82,260,71.45,36.6
25,51.84,260,71.45,36.6
26,53.84,260,71.45,36.6
27,55.84,260,71.45,36.6
28,57.83,260,71.45,36.6
29,59.81,260,71.45,36.6
30,61.77,260,71.45,36.6
31,63.7,260,71.45,36.6
32,65.58,260,71.45,36.6
33,67.37,260,71.45,36.6
34,69.01,260,71.45,36.6
35,70.38,260,71.45,36.6
36,71.27,260,71.45,36.6
37,71.35,260,71.45,36.6
38,69.98,260,71.45,36.6
39,66.16,260,71.45,36.6
40,58.23,260,71.45,36.6
41,43.75,260,71.45,36.6
42,19.44,260,71.45,36.6
43,0,260,71.45,36.6
44,0,260,71.45,36.6
45,0,260,71.45,36.6
1,2.377,290,80.37,36.8
2,4.75,290,80.37,36.8
3,7.118,290,80.37,36.8
4,9.481,290,80.37,36.8
5,11.84,290,80.37,36.8
6,14.19,290,80.37,36.8
7,16.54,290,80.37,36.8
8,18.89,290,80.37,36.8
9,21.22,290,80.37,36.8
10,23.56,290,80.37,36.8
11,25.89,290,80.37,36.8
12,28.21,290,80.37,36.8
13,30.53,290,80.37,36.8
14,32.85,290,80.37,36.8
15,35.16,290,80.37,36.8
16,37.46,290,80.37,36.8
17,39.76,290,80.37,36.8
18,42.06,290,80.37,36.8
19,44.35,290,80.37,36.8
20,46.63,290,80.37,36.8
21,48.92,290,80.37,36.8
22,51.19,290,80.37,36.8
23,53.46,290,80.37,36.8
24,55.73,290,80.37,36.8
25,57.99,290,80.37,36.8
26,60.24,290,80.37,36.8
27,62.49,290,80.37,36.8
28,64.73,290,80.37,36.8
29,66.95,290,80.37,36.8
30,69.16,290,80.37,36.8
31,71.33,290,80.37,36.8
32,73.45,290,80.37,36.8
33,75.48,290,80.37,36.8
34,77.35,290,80.37,36.8
35,78.95,290,80.37,36.8
36,80.06,290,80.37,36.8
37,80.32,290,80.37,36.8
38,79.11,290,80.37,36.8
39,75.36,290,80.37,36.8
40,67.41,290,80.37,36.8
41,52.76,290,80.37,36.8
42,28.08,290,80.37,36.8
43,0,290,80.37,36.8
44,0,290,80.37,36.8
45,0,290,80.37,36.8
1,2.624,320,89.31,36.9
2,5.242,320,89.31,36.9
3,7.856,320,89.31,36.9
4,10.47,320,89.31,36.9
5,13.07,320,89.31,36.9
6,15.67,320,89.31,36.9
7,18.26,320,89.31,36.9
8,20.85,320,89.31,36.9
9,23.44,320,89.31,36.9
10,26.02,320,89.31,36.9
11,28.6,320,89.31,36.9
12,31.17,320,89.31,36.9
13,33.73,320,89.31,36.9
14,36.29,320,89.31,36.9
15,38.85,320,89.31,36.9
16,41.4,320,89.31,36.9
17,43.95,320,89.31,36.9
18,46.49,320,89.31,36.9
19,49.03,320,89.31,36.9
20,51.56,320,89.31,36.9
21,54.09,320,89.31,36.9
22,56.61,320,89.31,36.9
23,59.12,320,89.31,36.9
24,61.64,320,89.31,36.9
25,64.14,320,89.31,36.9
26,66.64,320,89.31,36.9
27,69.14,320,89.31,36.9
28,71.62,320,89.31,36.9
29,74.09,320,89.31,36.9
30,76.54,320,89.31,36.9
31,78.96,320,89.31,36.9
32,81.32,320,89.31,36.9
33,83.59,320,89.31,36.9
34,85.7,320,89.31,36.9
35,87.52,320,89.31,36.9
36,88.85,320,89.31,36.9
37,89.3,320,89.31,36.9
38,88.23,320,89.31,36.9
39,84.56,320,89.31,36.9
40,76.57,320,89.31,36.9
41,61.74,320,89.31,36.9
42,36.68,320,89.31,36.9
43,0,320,89.31,36.9
44,0,320,89.31,36.9
45,0,320,89.31,36.9
1,2.87,350,98.27,37
2,5.735,350,98.27,37
3,8.595,350,98.27,37
4,11.45,350,98.27,37
5,14.3,350,98.27,37
6,17.15,350,98.27,37
7,19.99,350,98.27,37
8,22.82,350,98.27,37
9,25.66,350,98.27,37
10,28.48,350,98.27,37
11,31.3,350,98.27,37
12,34.12,350,98.27,37
13,36.93,350,98.27,37
14,39.74,350,98.27,37
15,42.54,350,98.27,37
16,45.34,350,98.27,37
17,48.13,350,98.27,37
18,50.92,350,98.27,37
19,53.7,350,98.27,37
20,56.48,350,98.27,37
21,59.26,350,98.27,37
22,62.02,350,98.27,37
23,64.79,350,98.27,37
24,67.54,350,98.27,37
25,70.3,350,98.27,37
26,73.04,350,98.27,37
27,75.78,350,98.27,37
28,78.51,350,98.27,37
29,81.23,350,98.27,37
30,83.92,350,98.27,37
31,86.58,350,98.27,37
32,89.19,350,98.27,37
33,91.7,350,98.27,37
34,94.04,350,98.27,37
35,96.1,350,98.27,37
36,97.63,350,98.27,37
37,98.27,350,98.27,37
38,97.34,350,98.27,37
39,93.74,350,98.27,37
40,85.72,350,98.27,37
41,70.69,350,98.27,37
42,45.25,350,98.27,37
43,5.663,350,98.27,37
44,0,350,98.27,37
45,0,350,98.27,37
1,3.116,380,107.2,37
2,6.227,380,107.2,37
3,9.333,380,107.2,37
4,12.44,380,107.2,37
5,15.53,380,107.2,37
6,18.62,380,107.2,37
7,21.71,380,107.2,37
8,24.79,380,107.2,37
9,27.87,380,107.2,37
10,30.94,380,107.2,37
11,34.01,380,107.2,37
12,37.07,380,107.2,37
13,40.13,380,107.2,37
14,43.19,380,107.2,37
15,46.23,380,107.2,37
16,49.28,380,107.2,37
17,52.32,380,107.2,37
18,55.35,380,107.2,37
19,58.38,380,107.2,37
20,61.41,380,107.2,37
21,64.42,380,107.2,37
22,67.44,380,107.2,37
23,70.45,380,107.2,37
24,73.45,380,107.2,37
25,76.45,380,107.2,37
26,79.44,380,107.2,37
27,82.43,380,107.2,37
28,85.4,380,107.2,37
29,88.36,380,107.2,37
30,91.3,380,107.2,37
31,94.21,380,107.2,37
32,97.06,380,107.2,37
33,99.81,380,107.2,37
34,102.4,380,107.2,37
35,104.7,380,107.2,37
36,106.4,380,107.2,37
37,107.2,380,107.2,37
38,106.4,380,107.2,37
39,102.9,380,107.2,37
40,94.84,380,107.2,37
41,79.61,380,107.2,37
42,53.78,380,107.2,37
43,13.62,380,107.2,37
44,0,380,107.2,37
45,0,380,107.2,37
1,3.362,410,116.2,37
2,6.719,410,116.2,37
3,10.07,410,116.2,37
4,13.42,410,116.2,37
5,16.76,410,116.2,37
6,20.1,410,116.2,37
7,23.43,410,116.2,37
8,26.76,410,116.2,37
9,30.09,410,116.2,37
10,33.4,410,116.2,37
11,36.72,410,116.2,37
12,40.03,410,116.2,37
13,43.33,410,116.2,37
14,46.63,410,116.2,37
15,49.93,410,116.2,37
16,53.22,410,116.2,37
17,56.5,410,116.2,37
18,59.78,410,116.2,37
19,63.06,410,116.2,37
20,66.33,410,116.2,37
21,69.59,410,116.2,37
22,72.85,410,116.2,37
23,76.11,410,116.2,37
24,79.36,410,116.2,37
25,82.61,410,116.2,37
26,85.84,410,116.2,37
27,89.07,410,116.2,37
28,92.29,410,116.2,37
29,95.5,410,116.2,37
30,98.69,410,116.2,37
31,101.8,410,116.2,37
32,104.9,410,116.2,37
33,107.9,410,116.2,37
34,110.7,410,116.2,37
35,113.2,410,116.2,37
36,115.2,410,116.2,37
37,116.2,410,116.2,37
38,115.5,410,116.2,37
39,112.1,410,116.2,37
40,104,410,116.2,37
41,88.5,410,116.2,37
42,62.28,410,116.2,37
43,21.53,410,116.2,37
44,0,410,116.2,37
45,0,410,116.2,37
1,3.608,440,125.2,37
2,7.212,440,125.2,37
3,10.81,440,125.2,37
4,14.4,440,125.2,37
5,17.99,440,125.2,37
6,21.58,440,125.2,37
7,25.16,440,125.2,37
8,28.73,440,125.2,37
9,32.3,440,125.2,37
10,35.87,440,125.2,37
11,39.43,440,125.2,37
12,42.98,440,125.2,37
13,46.53,440,125.2,37
14,50.08,440,125.2,37
15,53.62,440,125.2,37
16,57.16,440,125.2,37
17,60.69,440,125.2,37
18,64.21,440,125.2,37
19,67.73,440,125.2,37
20,71.25,440,125.2,37
21,74.76,440,125.2,37
22,78.27,440,125.2,37
23,81.77,440,125.2,37
24,85.27,440,125.2,37
25,88.76,440,125.2,37
25,92.24,440,125.2,37
27,95.24,440,125.2,37
28,99.19,440,125.2,37
29,102.6,440,125.2,37
30,106.1,440,125.2,37
31,109.5,440,125.2,37
32,112.8,440,125.2,37
33,116,440,125.2,37
34,119.1,440,125.2,37
35,121.8,440,125.2,37
36,124,440,125.2,37
37,125.2,440,125.2,37
38,124.6,440,125.2,37
39,121.2,440,125.2,37
40,113,440,125.2,37
41,97.37,440,125.2,37
42,70.73,440,125.2,37
43,29.4,440,125.2,37
44,0,440,125.2,37
45,0,440,125.2,37
1,3.854,470,134.1,37
2,7.704,470,134.1,37
3,11.55,470,134.1,37
4,15.39,470,134.1,37
5,19.22,470,134.1,37
6,23.05,470,134.1,37
7,26.88,470,134.1,37
8,30.7,470,134.1,37
9,34.52,470,134.1,37
10,38.33,470,134.1,37
11,42.13,470,134.1,37
12,45.94,470,134.1,37
13,49.73,470,134.1,37
14,53.52,470,134.1,37
15,57.31,470,134.1,37
16,61.09,470,134.1,37
17,64.87,470,134.1,37
18,68.64,470,134.1,37
19,72.41,470,134.1,37
20,76.18,470,134.1,37
21,79.93,470,134.1,37
22,83.69,470,134.1,37
23,87.43,470,134.1,37
24,91.18,470,134.1,37
25,94.91,470,134.1,37
25,98.64,470,134.1,37
27,102.4,470,134.1,37
28,106.1,470,134.1,37
29,109.8,470,134.1,37
30,113.5,470,134.1,37
31,117.1,470,134.1,37
32,120.7,470,134.1,37
33,124.1,470,134.1,37
34,127.4,470,134.1,37
35,130.4,470,134.1,37
36,132.7,470,134.1,37
37,134.1,470,134.1,37
38,133.7,470,134.1,37
39,130.4,470,134.1,37
40,122.1,470,134.1,37
41,106.2,470,134.1,37
42,79.15,470,134.1,37
43,37.21,470,134.1,37
44,0,470,134.1,37
45,0,470,134.1,37
1,4.101,500,143.1,37
2,8.196,500,143.1,37
3,12.29,500,143.1,37
4,16.37,500,143.1,37
5,20.46,500,143.1,37
6,24.53,500,143.1,37
7,28.6,500,143.1,37
8,32.67,500,143.1,37
9,36.73,500,143.1,37
10,40.79,500,143.1,37
11,44.84,500,143.1,37
12,48.89,500,143.1,37
13,52.93,500,143.1,37
14,56.97,500,143.1,37
15,61,500,143.1,37
16,65.03,500,143.1,37
17,69.06,500,143.1,37
18,73.08,500,143.1,37
19,77.09,500,143.1,37
20,81.1,500,143.1,37
21,85.1,500,143.1,37
22,89.1,500,143.1,37
23,93.1,500,143.1,37
24,97.08,500,143.1,37
25,101.1,500,143.1,37
25,105,500,143.1,37
27,109,500,143.1,37
28,113,500,143.1,37
29,116.9,500,143.1,37
30,120.8,500,143.1,37
31,124.7,500,143.1,37
32,128.5,500,143.1,37
33,132.2,500,143.1,37
34,135.8,500,143.1,37
35,138.9,500,143.1,37
36,141.5,500,143.1,37
37,143.1,500,143.1,37
38,142.8,500,143.1,37
39,139.5,500,143.1,37
40,131.2,500,143.1,37
41,115,500,143.1,37
42,82.53,500,143.1,37
43,44.99,500,143.1,37
44,0,500,143.1,37
45,0,500,143.1,37
1,4.347,530,152,37
2,8.689,530,152,37
3,13.03,530,152,37
4,17.36,530,152,37
5,21.69,530,152,37
6,26.01,530,152,37
7,30.33,530,152,37
8,34.64,530,152,37
9,38.95,530,152,37
10,43.25,530,152,37
11,47.55,530,152,37
12,51.84,530,152,37
13,56.13,530,152,37
14,60.42,530,152,37
15,64.7,530,152,37
16,68.97,530,152,37
17,73.24,530,152,37
18,77.51,530,152,37
19,81.77,530,152,37
20,86.02,530,152,37
21,90.27,530,152,37
22,94.52,530,152,37
23,98.76,530,152,37
24,103,530,152,37
25,107.2,530,152,37
25,111.5,530,152,37
27,115.7,530,152,37
28,119.9,530,152,37
29,124.5,530,152,37
30,128.2,530,152,37
31,132.3,530,152,37
32,136.4,530,152,37
33,140.3,530,152,37
34,144.1,530,152,37
35,147.5,530,152,37
36,150.3,530,152,37
37,152,530,152,37
38,151.9,530,152,37
39,148.6,530,152,37
40,140.2,530,152,37
41,123.8,530,152,37
42,95.86,530,152,37
43,52.71,530,152,37
44,0,530,152,37
45,0,530,152,37
1,4.593,560,160.9,37
2,9.181,560,160.9,37
3,13.76,560,160.9,37
4,18.34,560,160.9,37
5,22.92,560,160.9,37
6,27.49,560,160.9,37
7,32.05,560,160.9,37
8,36.61,560,160.9,37
9,41.16,560,160.9,37
10,45.71,560,160.9,37
11,50.26,560,160.9,37
12,54.8,560,160.9,37
13,59.33,560,160.9,37
14,63.86,560,160.9,37
15,68.39,560,160.9,37
16,72.91,560,160.9,37
17,77.43,560,160.9,37
18,81.94,560,160.9,37
19,86.44,560,160.9,37
20,90.95,560,160.9,37
21,95.44,560,160.9,37
22,99.93,560,160.9,37
23,104.4,560,160.9,37
24,108.9,560,160.9,37
25,113.4,560,160.9,37
25,117.8,560,160.9,37
27,122.3,560,160.9,37
28,126.8,560,160.9,37
29,131.2,560,160.9,37
30,135.6,560,160.9,37
31,140,560,160.9,37
32,144.3,560,160.9,37
33,148.5,560,160.9,37
34,152.4,560,160.9,37
35,156.1,560,160.9,37
36,159.1,560,160.9,37
37,160.9,560,160.9,37
38,157.7,560,160.9,37
39,149.2,560,160.9,37
40,132.5,560,160.9,37
41,104.2,560,160.9,37
42,60.39,560,160.9,37
43,5.451,560,160.9,37
44,0,560,160.9,37
45,0,560,160.9,37
1,4.839,590,170,38
2,9.674,590,170,38
3,14.5,590,170,38
4,19.33,590,170,38
5,24.15,590,170,38
6,28.96,590,170,38
7,33.77,590,170,38
8,38.58,590,170,38
9,43.48,590,170,38
10,48.78,590,170,38
11,52.97,590,170,38
12,57.75,590,170,38
13,62.53,590,170,38
14,67.31,590,170,38
15,72.08,590,170,38
16,76.85,590,170,38
17,81.61,590,170,38
18,86.37,590,170,38
19,91.12,590,170,38
20,95.87,590,170,38
21,100.6,590,170,38
22,105.3,590,170,38
23,110.1,590,170,38
24,114.8,590,170,38
25,119.5,590,170,38
25,124.2,590,170,38
27,129,590,170,38
28,133.6,590,170,38
29,138.3,590,170,38
30,143,590,170,38
31,147.6,590,170,38
32,152.1,590,170,38
33,156.6,590,170,38
34,160.8,590,170,38
35,164.6,590,170,38
36,167.8,590,170,38
37,169.9,590,170,38
38,170,590,170,38
39,166.8,590,170,38
40,158.2,590,170,38
41,141.3,590,170,38
42,112.4,590,170,38
43,68.02,590,170,38
44,5.285,590,170,38
45,0,590,170,38
1,5.08,620,179.2,37.8
2,10.16,620,179.2,37.8
3,15.24,620,179.2,37.8
4,20.32,620,179.2,37.8
5,25.4,620,179.2,37.8
6,30.48,620,179.2,37.8
7,35.56,620,179.2,37.8
8,40.64,620,179.2,37.8
9,45.72,620,179.2,37.8
10,50.8,620,179.2,37.8
11,55.88,620,179.2,37.8
12,60.96,620,179.2,37.8
13,66.04,620,179.2,37.8
14,71.12,620,179.2,37.8
15,76.2,620,179.2,37.8
16,81.28,620,179.2,37.8
17,86.36,620,179.2,37.8
18,91.44,620,179.2,37.8
19,96.52,620,179.2,37.8
20,101.6,620,179.2,37.8
21,106.68,620,179.2,37.8
22,111.76,620,179.2,37.8
23,116.84,620,179.2,37.8
24,121.92,620,179.2,37.8
25,127,620,179.2,37.8
26,132.08,620,179.2,37.8
27,137.16,620,179.2,37.8
28,142.24,620,179.2,37.8
29,147.32,620,179.2,37.8
30,152.4,620,179.2,37.8
31,157.48,620,179.2,37.8
32,162.56,620,179.2,37.8
33,167.64,620,179.2,37.8
34,172.72,620,179.2,37.8
35,177.8,620,179.2,37.8
36,176.6,620,179.2,37.8
37,178.8,620,179.2,37.8
38,179,620,179.2,37.8
39,175.8,620,179.2,37.8
40,167.1,620,179.2,37.8
41,149.9,620,179.2,37.8
42,120.6,620,179.2,37.8
43,75.61,620,179.2,37.8
44,12.15,620,179.2,37.8
45,0,620,179.2,37.8
1,5.33,650,188.2,37.8
2,10.66,650,188.2,37.8
3,15.99,650,188.2,37.8
4,21.32,650,188.2,37.8
5,26.65,650,188.2,37.8
6,31.98,650,188.2,37.8
7,37.31,650,188.2,37.8
8,42.64,650,188.2,37.8
9,47.97,650,188.2,37.8
10,53.3,650,188.2,37.8
11,58.63,650,188.2,37.8
12,63.96,650,188.2,37.8
13,69.29,650,188.2,37.8
14,74.62,650,188.2,37.8
15,79.95,650,188.2,37.8
16,85.28,650,188.2,37.8
17,90.61,650,188.2,37.8
18,95.94,650,188.2,37.8
19,101.27,650,188.2,37.8
20,106.6,650,188.2,37.8
21,111.93,650,188.2,37.8
22,117.26,650,188.2,37.8
23,122.59,650,188.2,37.8
24,127.92,650,188.2,37.8
25,133.25,650,188.2,37.8
26,138.58,650,188.2,37.8
27,143.91,650,188.2,37.8
28,149.24,650,188.2,37.8
29,154.57,650,188.2,37.8
30,159.9,650,188.2,37.8
31,165.23,650,188.2,37.8
32,170.56,650,188.2,37.8
33,172.8,650,188.2,37.8
34,177.5,650,188.2,37.8
35,181.7,650,188.2,37.8
36,185.3,650,188.2,37.8
37,187.7,650,188.2,37.8
38,188,650,188.2,37.8
39,184.9,650,188.2,37.8
40,176.1,650,188.2,37.8
41,158.6,650,188.2,37.8
42,128.8,650,188.2,37.8
43,83.14,650,188.2,37.8
44,18.96,650,188.2,37.8
45,0,650,188.2,37.8
1,5.578,680,197.2,38.9
2,11.156,680,197.2,38.9
3,16.734,680,197.2,38.9
4,22.312,680,197.2,38.9
5,27.89,680,197.2,38.9
6,33.468,680,197.2,38.9
7,39.046,680,197.2,38.9
8,44.624,680,197.2,38.9
9,50.202,680,197.2,38.9
10,55.78,680,197.2,38.9
11,61.358,680,197.2,38.9
12,66.936,680,197.2,38.9
13,72.514,680,197.2,38.9
14,78.092,680,197.2,38.9
15,83.67,680,197.2,38.9
16,89.248,680,197.2,38.9
17,94.826,680,197.2,38.9
18,100.404,680,197.2,38.9
19,105.982,680,197.2,38.9
20,111.56,680,197.2,38.9
21,117.138,680,197.2,38.9
22,122.716,680,197.2,38.9
23,128.294,680,197.2,38.9
24,133.872,680,197.2,38.9
25,139.45,680,197.2,38.9
26,145.028,680,197.2,38.9
27,150.606,680,197.2,38.9
28,156.184,680,197.2,38.9
29,161.762,680,197.2,38.9
30,165.1,680,197.2,38.9
31,170.5,680,197.2,38.9
32,175.7,680,197.2,38.9
33,180.9,680,197.2,38.9
34,185.8,680,197.2,38.9
35,190.3,680,197.2,38.9
36,194.1,680,197.2,38.9
37,196.6,680,197.2,38.9
38,197.1,680,197.2,38.9
39,193.9,680,197.2,38.9
40,185,680,197.2,38.9
41,167.2,680,197.2,38.9
42,136.7,680,197.2,38.9
43,90.63,680,197.2,38.9
44,25.72,680,197.2,38.9
45,0,680,197.2,38.9
1,5.824,710,206.2,37.9
2,11.6,710,206.2,37.9
3,17.4,710,206.2,37.9
4,23.2,710,206.2,37.9
5,29,710,206.2,37.9
6,34.8,710,206.2,37.9
7,40.6,710,206.2,37.9
8,46.4,710,206.2,37.9
9,52.2,710,206.2,37.9
10,58,710,206.2,37.9
11,63.8,710,206.2,37.9
12,69.6,710,206.2,37.9
13,75.4,710,206.2,37.9
14,81.2,710,206.2,37.9
15,87,710,206.2,37.9
16,92.8,710,206.2,37.9
17,98.6,710,206.2,37.9
18,104.4,710,206.2,37.9
19,110.2,710,206.2,37.9
20,116,710,206.2,37.9
21,121.8,710,206.2,37.9
22,127.6,710,206.2,37.9
23,133.4,710,206.2,37.9
24,139.2,710,206.2,37.9
25,145,710,206.2,37.9
26,150.8,710,206.2,37.9
27,156.6,710,206.2,37.9
28,162.4,710,206.2,37.9
29,168.2,710,206.2,37.9
30,174,710,206.2,37.9
31,178.65,710,206.2,37.9
32,183,710,206.2,37.9
33,189,710,206.2,37.9
34,194.1,710,206.2,37.9
35,198.8,710,206.2,37.9
36,202.8,710,206.2,37.9
37,205.6,710,206.2,37.9
38,206.1,710,206.2,37.9
39,202.9,710,206.2,37.9
40,193.9,710,206.2,37.9
41,175.8,710,206.2,37.9
42,145,710,206.2,37.9
43,98.08,710,206.2,37.9
44,32.44,710,206.2,37.9
45,0,710,206.2,37.9
1,6.07,740,215.2,37.9
2,12.14,740,215.2,37.9
3,18.21,740,215.2,37.9
4,24.28,740,215.2,37.9
5,30.35,740,215.2,37.9
6,36.42,740,215.2,37.9
7,42.49,740,215.2,37.9
8,48.56,740,215.2,37.9
9,54.63,740,215.2,37.9
10,60.7,740,215.2,37.9
11,66.33,740,215.2,37.9
12,72.36,740,215.2,37.9
13,78.39,740,215.2,37.9
14,84.42,740,215.2,37.9
15,90.45,740,215.2,37.9
16,96.48,740,215.2,37.9
17,102.51,740,215.2,37.9
18,108.54,740,215.2,37.9
19,114.57,740,215.2,37.9
20,120.6,740,215.2,37.9
21,126.63,740,215.2,37.9
22,132.66,740,215.2,37.9
23,138.69,740,215.2,37.9
24,144.72,740,215.2,37.9
25,150.75,740,215.2,37.9
26,154.44,740,215.2,37.9
27,160.38,740,215.2,37.9
28,166.32,740,215.2,37.9
29,172.26,740,215.2,37.9
30,178.2,740,215.2,37.9
31,184.14,740,215.2,37.9
32,190.08,740,215.2,37.9
33,196.02,740,215.2,37.9
34,201.96,740,215.2,37.9
35,207.9,740,215.2,37.9
36,211.6,740,215.2,37.9
37,214.5,740,215.2,37.9
38,215.1,740,215.2,37.9
39,212,740,215.2,37.9
40,202.7,740,215.2,37.9
41,184.3,740,215.2,37.9
42,153.1,740,215.2,37.9
43,105.5,740,215.2,37.9
44,39.1,740,215.2,37.9
45,0,740,215.2,37.9
1,6.316,770,224.2,37.9
2,12.632,770,224.2,37.9
3,18.948,770,224.2,37.9
4,25.264,770,224.2,37.9
5,31.58,770,224.2,37.9
6,37.896,770,224.2,37.9
7,44.212,770,224.2,37.9
8,50.528,770,224.2,37.9
9,56.844,770,224.2,37.9
10,63.16,770,224.2,37.9
11,69.3,770,224.2,37.9
12,75.6,770,224.2,37.9
13,81.9,770,224.2,37.9
14,88.2,770,224.2,37.9
15,94.5,770,224.2,37.9
16,100.8,770,224.2,37.9
17,107.1,770,224.2,37.9
18,113.4,770,224.2,37.9
19,119.7,770,224.2,37.9
20,126,770,224.2,37.9
21,131.88,770,224.2,37.9
22,138.16,770,224.2,37.9
23,144.44,770,224.2,37.9
24,150.72,770,224.2,37.9
25,157,770,224.2,37.9
26,163.28,770,224.2,37.9
27,168.21,770,224.2,37.9
28,174.44,770,224.2,37.9
29,180.67,770,224.2,37.9
30,186.9,770,224.2,37.9
31,193.13,770,224.2,37.9
32,199.36,770,224.2,37.9
33,205.59,770,224.2,37.9
34,211.82,770,224.2,37.9
35,216,770,224.2,37.9
36,220.3,770,224.2,37.9
37,223.4,770,224.2,37.9
38,224.1,770,224.2,37.9
39,220.9,770,224.2,37.9
40,211.6,770,224.2,37.9
41,192.9,770,224.2,37.9
42,161.1,770,224.2,37.9
43,112.8,770,224.2,37.9
44,45.72,770,224.2,37.9
45,0,770,224.2,37.9
1,6.56,800,233.2,37.7
2,13.08,800,233.2,37.7
3,19.62,800,233.2,37.7
4,26.16,800,233.2,37.7
5,32.7,800,233.2,37.7
6,39.24,800,233.2,37.7
7,45.78,800,233.2,37.7
8,52.32,800,233.2,37.7
9,58.86,800,233.2,37.7
10,65.4,800,233.2,37.7
11,71.94,800,233.2,37.7
12,78.48,800,233.2,37.7
13,85.02,800,233.2,37.7
14,91.56,800,233.2,37.7
15,98.1,800,233.2,37.7
16,104.64,800,233.2,37.7
17,111.18,800,233.2,37.7
18,117.72,800,233.2,37.7
19,124.26,800,233.2,37.7
20,130.8,800,233.2,37.7
21,136.5,800,233.2,37.7
22,143,800,233.2,37.7
23,149.5,800,233.2,37.7
24,156,800,233.2,37.7
25,162.5,800,233.2,37.7
26,169,800,233.2,37.7
27,175.5,800,233.2,37.7
28,182,800,233.2,37.7
29,188.5,800,233.2,37.7
30,195,800,233.2,37.7
31,201.5,800,233.2,37.7
32,208,800,233.2,37.7
33,214.5,800,233.2,37.7
34,221,800,233.2,37.7
35,224.5,800,233.2,37.7
36,229.1,800,233.2,37.7
37,232.3,800,233.2,37.7
38,233.1,800,233.2,37.7
39,230,800,233.2,37.7
40,220.4,800,233.2,37.7
41,201.4,800,233.2,37.7
42,169.1,800,233.2,37.7
43,120.1,800,233.2,37.7
44,52.3,800,233.2,37.7
45,0,800,233.2,37.7
1,6.809,830,242.1,37.9
2,13.61,830,242.1,37.9
3,20.41,830,242.1,37.9
4,27.21,830,242.1,37.9
5,33.99,830,242.1,37.9
6,40.78,830,242.1,37.9
7,47.56,830,242.1,37.9
8,54.33,830,242.1,37.9
9,61.1,830,242.1,37.9
10,67.87,830,242.1,37.9
11,74.63,830,242.1,37.9
12,81.38,830,242.1,37.9
13,88.14,830,242.1,37.9
14,94.88,830,242.1,37.9
15,101.6,830,242.1,37.9
16,108.4,830,242.1,37.9
17,115.1,830,242.1,37.9
18,121.8,830,242.1,37.9
19,128.5,830,242.1,37.9
20,135.3,830,242.1,37.9
21,142,830,242.1,37.9
22,148.7,830,242.1,37.9
23,155.4,830,242.1,37.9
24,162.1,830,242.1,37.9
25,168.8,830,242.1,37.9
26,175.4,830,242.1,37.9
27,182.1,830,242.1,37.9
28,188.8,830,242.1,37.9
29,195.4,830,242.1,37.9
30,202,830,242.1,37.9
31,208.6,830,242.1,37.9
32,215.1,830,242.1,37.9
33,221.4,830,242.1,37.9
34,227.4,830,242.1,37.9
35,233,830,242.1,37.9
36,237.8,830,242.1,37.9
37,241.1,830,242.1,37.9
38,242,830,242.1,37.9
39,238.9,830,242.1,37.9
40,229.2,830,242.1,37.9
41,209.8,830,242.1,37.9
42,117,830,242.1,37.9
43,127.4,830,242.1,37.9
44,58.84,830,242.1,37.9
45,0,830,242.1,37.9
1,7.005,860,251.1,37.1
2,14.1,860,251.1,37.1
3,21.15,860,251.1,37.1
4,28.19,860,251.1,37.1
5,35.23,860,251.1,37.1
6,42.26,860,251.1,37.1
7,49.28,860,251.1,37.1
8,56.3,860,251.1,37.1
9,63.32,860,251.1,37.1
10,70.33,860,251.1,37.1
11,77.34,860,251.1,37.1
12,84.34,860,251.1,37.1
13,91.34,860,251.1,37.1
14,98.33,860,251.1,37.1
15,105.3,860,251.1,37.1
16,112.3,860,251.1,37.1
17,119.3,860,251.1,37.1
18,126.2,860,251.1,37.1
19,133.2,860,251.1,37.1
20,140.2,860,251.1,37.1
21,147.1,860,251.1,37.1
22,154.1,860,251.1,37.1
23,161,860,251.1,37.1
24,168,860,251.1,37.1
25,174.9,860,251.1,37.1
26,181.8,860,251.1,37.1
27,188.8,860,251.1,37.1
28,195.7,860,251.1,37.1
29,202.6,860,251.1,37.1
30,209.4,860,251.1,37.1
31,216.2,860,251.1,37.1
32,222.9,860,251.1,37.1
33,229.5,860,251.1,37.1
34,235.8,860,251.1,37.1
35,241.6,860,251.1,37.1
36,246.5,860,251.1,37.1
37,250,860,251.1,37.1
38,251,860,251.1,37.1
39,247.8,860,251.1,37.1
40,238,860,251.1,37.1
41,218.2,860,251.1,37.1
42,184.8,860,251.1,37.1
43,134.6,860,251.1,37.1
44,65.28,860,251.1,37.1
45,0,860,251.1,37.1
1,7.301,890,260,38
2,14.6,890,260,38
3,21.89,890,260,38
4,29.17,890,260,38
5,36.46,890,260,38
6,46.73,890,260,38
7,51,890,260,38
8,58.27,890,260,38
9,65.53,890,260,38
10,72.79,890,260,38
11,80.04,890,260,38
12,87.29,890,260,38
13,94.54,890,260,38
14,101.8,890,260,38
15,109,890,260,38
16,116.2,890,260,38
17,123.5,890,260,38
18,130.7,890,260,38
19,137.9,890,260,38
20,145.1,890,260,38
21,152.3,890,260,38
22,159.5,890,260,38
23,166.7,890,260,38
24,173.9,890,260,38
25,181.1,890,260,38
26,188.2,890,260,38
27,195.4,890,260,38
28,202.6,890,260,38
29,209.7,890,260,38
30,216.8,890,260,38
31,223.8,890,260,38
32,230.8,890,260,38
33,237.6,890,260,38
34,244.1,890,260,38
35,250.1,890,260,38
36,255.3,890,260,38
37,258.9,890,260,38
38,260,890,260,38
39,256.7,890,260,38
40,246.7,890,260,38
41,226.6,890,260,38
42,192.7,890,260,38
43,141.7,890,260,38
44,71.71,890,260,38
45,0,890,260,38
1,7.547,920,269,37.9
2,15.09,920,269,37.9
3,22.63,920,269,37.9
4,30.16,920,269,37.9
5,37.69,920,269,37.9
6,45.21,920,269,37.9
7,52.73,920,269,37.9
8,60.24,920,269,37.9
9,67.75,920,269,37.9
10,75.25,920,269,37.9
11,82.75,920,269,37.9
12,90.25,920,269,37.9
13,97.74,920,269,37.9
14,105.2,920,269,37.9
15,112.7,920,269,37.9
16,120.2,920,269,37.9
17,127.6,920,269,37.9
18,135.1,920,269,37.9
19,142.6,920,269,37.9
20,150,920,269,37.9
21,157.5,920,269,37.9
22,164.9,920,269,37.9
23,172.4,920,269,37.9
24,179.8,920,269,37.9
25,187.2,920,269,37.9
26,194.6,920,269,37.9
27,202.1,920,269,37.9
28,209.5,920,269,37.9
29,216.8,920,269,37.9
30,224.2,920,269,37.9
31,231.5,920,269,37.9
32,238.7,920,269,37.9
33,245.7,920,269,37.9
34,252.4,920,269,37.9
35,258.7,920,269,37.9
36,264,920,269,37.9
37,267.8,920,269,37.9
38,268.9,920,269,37.9
39,265.6,920,269,37.9
40,255.4,920,269,37.9
41,234.9,920,269,37.9
42,200.5,920,269,37.9
43,148.8,920,269,37.9
44,78.09,920,269,37.9
45,0,920,269,37.9
1,7.793,950,277.9,37.9
2,15.58,950,277.9,37.9
3,23.37,950,277.9,37.9
4,31.14,950,277.9,37.9
5,38.92,950,277.9,37.9
6,46.69,950,277.9,37.9
7,54.45,950,277.9,37.9
8,62.21,950,277.9,37.9
9,69.97,950,277.9,37.9
10,77.72,950,277.9,37.9
11,85.46,950,277.9,37.9
12,93.2,950,277.9,37.9
13,100.9,950,277.9,37.9
14,108.7,950,277.9,37.9
15,116.4,950,277.9,37.9
16,124.1,950,277.9,37.9
17,131.8,950,277.9,37.9
18,139.5,950,277.9,37.9
19,147.2,950,277.9,37.9
20,154.9,950,277.9,37.9
21,162.6,950,277.9,37.9
22,170.3,950,277.9,37.9
23,178,950,277.9,37.9
24,185.7,950,277.9,37.9
25,193.4,950,277.9,37.9
26,201,950,277.9,37.9
27,208.7,950,277.9,37.9
28,216.3,950,277.9,37.9
29,224,950,277.9,37.9
30,231.6,950,277.9,37.9
31,239.1,950,277.9,37.9
32,246.5,950,277.9,37.9
33,253.8,950,277.9,37.9
34,260.8,950,277.9,37.9
35,267.2,950,277.9,37.9
36,272.7,950,277.9,37.9
37,276.6,950,277.9,37.9
38,277.8,950,277.9,37.9
39,274.5,950,277.9,37.9
40,264.1,950,277.9,37.9
41,243.2,950,277.9,37.9
42,208.2,950,277.9,37.9
43,155.9,950,277.9,37.9
44,84.42,950,277.9,37.9
45,0,950,277.9,37.9
1,8.039,980,286.8,38
2,16.07,980,286.8,38
3,24.1,980,286.8,38
4,32.13,980,286.8,38
5,40.15,980,286.8,38
6,48.16,980,286.8,38
7,56.17,980,286.8,38
8,64.18,980,286.8,38
9,72.18,980,286.8,38
10,80.18,980,286.8,38
11,88.17,980,286.8,38
12,96.15,980,286.8,38
13,104.1,980,286.8,38
14,112.1,980,286.8,38
15,120.1,980,286.8,38
16,128.1,980,286.8,38
17,136,980,286.8,38
18,144,980,286.8,38
19,151.9,980,286.8,38
20,159.9,980,286.8,38
21,167.8,980,286.8,38
22,175.8,980,286.8,38
23,183.7,980,286.8,38
24,197.6,980,286.8,38
25,199.5,980,286.8,38
26,207.4,980,286.8,38
27,215.3,980,286.8,38
28,223.2,980,286.8,38
29,231.1,980,286.8,38
30,238.9,980,286.8,38
31,246.7,980,286.8,38
32,254.4,980,286.8,38
33,261.9,980,286.8,38
34,269.1,980,286.8,38
35,275.7,980,286.8,38
36,281.4,980,286.8,38
37,285.5,980,286.8,38
38,286.8,980,286.8,38
39,283.4,980,286.8,38
40,272.8,980,286.8,38
41,251.5,980,286.8,38
42,215.9,980,286.8,38
43,162.9,980,286.8,38
44,90.7,980,286.8,38
45,0,980,286.8,38
1,8.203,1000,292.7,38
2,16.4,1000,292.7,38
3,24.6,1000,292.7,38
4,32.79,1000,292.7,38
5,40.97,1000,292.7,38
6,49.15,1000,292.7,38
7,57.32,1000,292.7,38
8,65.49,1000,292.7,38
9,73.66,1000,292.7,38
10,81.82,1000,292.7,38
11,89.97,1000,292.7,38
12,98.12,1000,292.7,38
13,106.3,1000,292.7,38
14,115.2,1000,292.7,38
15,122.5,1000,292.7,38
16,130.7,1000,292.7,38
17,138.8,1000,292.7,38
18,146.9,1000,292.7,38
19,155,1000,292.7,38
20,163.2,1000,292.7,38
21,171.3,1000,292.7,38
22,179.4,1000,292.7,38
23,187.5,1000,292.7,38
24,195.6,1000,292.7,38
25,203.6,1000,292.7,38
26,211.7,1000,292.7,38
27,219.8,1000,292.7,38
28,227.8,1000,292.7,38
29,235.9,1000,292.7,38
30,243.9,1000,292.7,38
31,251.8,1000,292.7,38
32,259.6,1000,292.7,38
33,267.3,1000,292.7,38
34,274.6,1000,292.7,38
35,281.4,1000,292.7,38
36,287.2,1000,292.7,38
37,291.4,1000,292.7,38
38,292.7,1000,292.7,38
39,289.3,1000,292.7,38
40,278.5,1000,292.7,38
41,257,1000,292.7,38
42,221,1000,292.7,38
43,167.5,1000,292.7,38
44,94.87,1000,292.7,38
45,2.675,1000,292.7,38
